INSERT INTO USERS (id, FIRST_NAME, LAST_NAME, EMAIL, PASSWORD)
VALUES (1, 'admin', 'admin', 'admin@gmail.com', '{noop}password'),
       (2, 'user', 'user', 'user@gmail.com', '{noop}password'),
       (3, 'frodo', 'baggins', 'frodo@mail.ru', '{noop}password'),
       (4, 'sam', 'gamgee', 'sam@gmail.com', '{noop}password'),
       (5, 'bilbo', 'baggins', 'bilbo@gmail.com', '{noop}password'),
       (6, 'gendalf', 'gray', 'gendalf@yandex.ru', '{noop}password'),
       (7, 'aragorn', 'elessar', 'aragorn@gmail.com', '{noop}password'),
       (8, 'legolas', 'greenleaf', 'legolas@mail.ru', '{noop}password'),
       (9, 'gimley', 'gloins', 'gimley@mail.ru', '{noop}password');


INSERT INTO USER_ROLE (USER_ID, ROLE)
VALUES (1, 'ADMIN'),
       (1, 'USER'),
       (2, 'USER'),
       (3, 'USER'),
       (4, 'USER'),
       (5, 'USER'),
       (6, 'USER'),
       (7, 'USER'),
       (8, 'USER'),
       (9, 'USER');


INSERT INTO restaurants (ID, NAME)
VALUES (101, 'The Lady & Sons'),
       (102, 'Chez Panisse Cafe'),
       (103, 'Chipotle Mexican Grill'),
       (104, 'Wasabi by Morimoto'),
       (105, 'The Saffron Boutique'),
       (106, 'Pine & Dine'),
       (107, 'Vintage Machine'),
       (108, 'Banana Leaf'),
       (109, 'Yum Yum Tree');

INSERT INTO meals(ID, NAME, RESTAURANT_ID)
VALUES (1001, 'Fries', 101),
       (1002, 'Burger', 101),
       (1003, 'Chicken Wings', 101),
       (1004, 'Wok', 102),
       (1005, 'Noodles', 102),
       (1006, 'Salmon', 102),
       (1007, 'Pie', 103),
       (1008, 'Cake', 103),
       (1009, 'Croissant', 103),
       (1010, 'Pasta', 104),
       (1011, 'Soup', 104),
       (1012, 'Noodles', 104),
       (1013, 'Beer', 105),
       (1014, 'Ramen', 105),
       (1015, 'Chicken with Rice', 105),
       (1016, 'Fries', 106),
       (1017, 'Salmon', 106),
       (1018, 'Chicken Wings', 106),
       (1019, 'Fries', 107),
       (1020, 'CheeseBurger', 107),
       (1021, 'Pizza', 107),
       (1022, 'Tomato Soup', 108),
       (1023, 'Tom Yum', 108),
       (1024, 'Salad bar', 108),
       (1025, 'Chicken Curry', 109),
       (1026, 'Beer', 109),
       (1027, 'Pizza', 109);

INSERT INTO MENUS(ID, MENU_DATE, RESTAURANT_ID, MEAL_ID, PRICE)
VALUES (10001, DATE '2020-1-10', 101, 1001, 42), -- 10.01.2020
       (10002, DATE '2020-1-10', 101, 1002, 42),
       (10003, DATE '2020-1-10', 101, 1003, 42),
       (10004, DATE '2020-1-10', 102, 1004, 42),
       (10005, DATE '2020-1-10', 103, 1007, 42),
       (10006, DATE '2020-1-10', 103, 1008, 42),
       (10007, DATE '2020-1-10', 104, 1012, 42),
       (10008, DATE '2020-1-10', 105, 1014, 42),
       (10009, DATE '2020-1-10', 107, 1019, 42),
       (10010, DATE '2020-1-10', 107, 1020, 42),
       (10011, DATE '2020-1-10', 107, 1021, 42),
       (10012, DATE '2020-1-10', 109, 1025, 42),
       (10013, DATE '2020-1-10', 109, 1026, 42),
       (10014, DATE '2020-1-11', 101, 1001, 42), -- 11.01.2020
       (10015, DATE '2020-1-11', 101, 1002, 42),
       (10016, DATE '2020-1-11', 102, 1005, 42),
       (10017, DATE '2020-1-11', 102, 1004, 42),
       (10018, DATE '2020-1-11', 103, 1009, 42),
       (10019, DATE '2020-1-11', 103, 1008, 42),
       (10020, DATE '2020-1-11', 104, 1012, 42),
       (10021, DATE '2020-1-11', 105, 1014, 42),
       (10022, DATE '2020-1-11', 105, 1015, 42),
       (10023, DATE '2020-1-11', 107, 1020, 42),
       (10024, DATE '2020-1-11', 108, 1023, 42),
       (10025, DATE '2020-1-11', 109, 1025, 42),
       (10026, DATE '2020-1-11', 108, 1022, 42),
       (10027, DATE '2020-1-12', 101, 1001, 42), -- 12.01.2020
       (10028, DATE '2020-1-12', 102, 1006, 42),
       (10029, DATE '2020-1-12', 101, 1003, 42),
       (10030, DATE '2020-1-12', 102, 1004, 42),
       (10031, DATE '2020-1-12', 105, 1013, 42),
       (10032, DATE '2020-1-12', 103, 1008, 42),
       (10033, DATE '2020-1-12', 104, 1012, 42),
       (10034, DATE '2020-1-12', 108, 1022, 42),
       (10035, DATE '2020-1-12', 108, 1023, 42),
       (10036, DATE '2020-1-12', 108, 1024, 42),
       (10037, DATE '2020-1-12', 107, 1021, 42),
       (10038, DATE '2020-1-12', 109, 1027, 42),
       (10039, DATE '2020-1-12', 109, 1026, 42);

INSERT INTO VOTES(ID, VOTE_DAY, USER_ID, RESTAURANT_ID)
VALUES (20001, DATE '2020-1-10', 8, 109), -- 10.01.2020
       (20002, DATE '2020-1-10', 1, 101),
       (20003, DATE '2020-1-10', 2, 103),
       (20004, DATE '2020-1-10', 3, 105),
       (20005, DATE '2020-1-10', 4, 103),
       (20006, DATE '2020-1-10', 5, 103),
       (20007, DATE '2020-1-10', 6, 101),
       (20008, DATE '2020-1-10', 7, 108),
       (20009, DATE '2020-1-11', 8, 109), -- 11.01.2020
       (20010, DATE '2020-1-11', 1, 107),
       (20011, DATE '2020-1-11', 2, 103),
       (20012, DATE '2020-1-11', 3, 106),
       (20013, DATE '2020-1-11', 4, 103),
       (20014, DATE '2020-1-11', 5, 105),
       (20015, DATE '2020-1-11', 6, 101),
       (20016, DATE '2020-1-11', 7, 102),
       (20017, DATE '2020-1-12', 8, 103), -- 12.01.2020
       (20018, DATE '2020-1-12', 1, 103),
       (20019, DATE '2020-1-12', 2, 103),
       (20020, DATE '2020-1-12', 3, 108),
       (20021, DATE '2020-1-12', 4, 108),
       (20022, DATE '2020-1-12', 5, 108),
       (20023, DATE '2020-1-12', 6, 101),
       (20024, DATE '2020-1-12', 7, 104);